1;1;1;012007;933,00;3;2287,16
1;1;1;022007;933,00;3;2366,39
1;1;1;032007;933,00;4;3065,02
1;1;1;042007;933,00;4;3065,02
1;1;2;012007;1145,00;7;5673,14
1;1;2;022007;1145,00;5;4276,33
1;1;2;032007;1145,00;5;4300,49
1;1;2;042007;1145,00;6;5128,09
1;1;3;012007;1372,00;34;35184,24
1;1;3;022007;1372,00;33;34061,33
1;1;3;032007;1372,00;33;34344,95
1;1;3;042007;1372,00;19;19717,82
1;1;5;012007;1168,00;5;4529,24
1;1;5;022007;1168,00;4;3786,46
1;1;5;032007;1168,00;4;3635,09
1;1;5;042007;1168,00;1;937,40
1;1;6;012007;967,00;1;794,08
1;1;6;022007;967,00;1;793,11
1;1;6;032007;967,00;1;775,70
1;1;6;042007;967,00;1;775,70
1;1;7;012007;704,00;58;33987,64
1;1;7;022007;704,00;66;38211,50
1;1;7;032007;704,00;71;39883,03
1;1;7;042007;704,00;70;36774,62
1;1;8;012007;311,00;2;526,85
1;1;8;022007;311,00;2;504,61
1;1;8;032007;311,00;2;511,11
1;1;8;042007;311,00;2;511,11
1;1;9;012007;324,00;27;6404,72
1;1;9;022007;324,00;33;8034,43
1;1;9;032007;324,00;32;7799,53
1;1;9;042007;324,00;24;6008,37
1;1;10;012007;190,00;227;28158,11
1;1;10;022007;190,00;199;27285,96
1;1;10;032007;190,00;212;29829,57
1;1;10;042007;190,00;193;27506,82
1;1;11;012007;1613,00;74;86093,82
1;1;11;022007;1613,00;79;84876,97
1;1;11;032007;1613,00;98;106241,91
1;1;11;042007;1613,00;86;93081,70
1;1;12;012007;1042,00;47;38405,45
1;1;12;022007;1042,00;72;51266,17
1;1;12;032007;1042,00;76;59051,33
1;1;12;042007;1042,00;62;47504,96
1;1;13;012007;707,00;84;42516,65
1;1;13;022007;707,00;86;42710,92
1;1;13;032007;707,00;87;48056,92
1;1;13;042007;707,00;94;48951,55
1;1;14;012007;1414,00;18;19027,78
1;1;14;022007;1414,00;11;11881,93
1;1;14;032007;1414,00;21;22439,56
1;1;14;042007;1414,00;15;15432,14
1;1;15;012007;1486,00;18;19501,06
1;1;15;022007;1486,00;17;19142,50
1;1;15;032007;1486,00;22;24787,03
1;1;15;042007;1486,00;18;19660,38
1;2;1;022007;933,00;2;1655,65
1;2;1;032007;933,00;3;2403,15
1;2;1;042007;933,00;2;1674,98
1;2;3;012007;1372,00;12;12390,00
1;2;3;022007;1372,00;14;13886,75
1;2;3;032007;1372,00;10;10252,52
1;2;3;042007;1372,00;7;7220,00
1;2;5;012007;1168,00;3;2953,61
1;2;5;022007;1168,00;2;1877,16
1;2;5;032007;1168,00;2;1965,99
1;2;5;042007;1168,00;2;1907,55
1;2;6;032007;967,00;1;806,64
1;2;7;012007;704,00;76;39708,25
1;2;7;022007;704,00;103;54237,03
1;2;7;032007;704,00;104;53283,80
1;2;7;042007;704,00;107;50990,06
1;2;8;032007;311,00;1;281,56
1;2;9;012007;324,00;72;19278,19
1;2;9;022007;324,00;103;26137,52
1;2;9;032007;324,00;89;22961,73
1;2;9;042007;324,00;60;15348,68
1;2;10;012007;190,00;333;51671,78
1;2;10;022007;190,00;405;61849,41
1;2;10;032007;190,00;468;74198,20
1;2;10;042007;190,00;394;63773,08
1;2;11;012007;1613,00;35;48094,06
1;2;11;022007;1613,00;68;89953,97
1;2;11;032007;1613,00;43;59575,11
1;2;11;042007;1613,00;34;46596,52
1;2;12;012007;1042,00;89;78961,96
1;2;12;022007;1042,00;156;132790,00
1;2;12;032007;1042,00;120;111398,83
1;2;12;042007;1042,00;93;86626,85
1;2;13;012007;707,00;120;68579,60
1;2;13;022007;707,00;195;98581,11
1;2;13;032007;707,00;163;87042,46
1;2;13;042007;707,00;163;85188,68
1;2;14;012007;1414,00;18;21110,90
1;2;14;022007;1414,00;15;17140,42
1;2;14;032007;1414,00;14;16528,66
1;2;14;042007;1414,00;11;12723,13
1;2;15;012007;1486,00;18;22148,39
1;2;15;022007;1486,00;29;34759,44
1;2;15;032007;1486,00;21;25625,33
1;2;15;042007;1486,00;13;15308,81
1;2;16;012007;748,00;42;24097,99
1;2;16;022007;748,00;42;23490,53
1;2;16;032007;748,00;32;18559,37
1;2;16;042007;748,00;26;15355,29
1;2;17;012007;820,00;131;90796,79
1;2;17;022007;820,00;127;86928,15
1;2;17;032007;820,00;161;110395,61
1;2;17;042007;820,00;125;83277,35
1;2;18;012007;1068,00;371;326200,18
1;2;18;022007;1068,00;341;308682,73
1;2;18;032007;1068,00;455;406941,38
1;2;18;042007;1068,00;384;340112,24
1;2;19;012007;900,00;7;4730,26
1;2;19;022007;900,00;3;2005,88
1;2;19;032007;900,00;6;4059,83
1;2;19;042007;900,00;4;2706,55
1;2;20;012007;293,00;211;47142,14
1;2;20;022007;293,00;275;58352,78
1;2;20;032007;293,00;243;52271,87
1;2;20;042007;293,00;237;43321,39
1;2;21;012007;230,00;130;24390,90
1;2;21;022007;230,00;78;13444,34
1;2;21;032007;230,00;71;12436,82
1;2;21;042007;230,00;49;8720,09
1;2;22;012007;1023,00;275;225654,18
1;2;22;022007;1023,00;358;276211,69
1;2;22;032007;1023,00;314;244449,39
1;2;22;042007;1023,00;173;135415,82
1;2;24;012007;973,00;1148;860020,04
1;2;24;022007;973,00;1596;1177251,74
1;2;24;032007;973,00;1467;1114638,57
1;2;24;042007;973,00;1093;826442,02
1;2;25;012007;1355,00;5;5050,87
1;2;25;022007;1355,00;19;19601,53
1;2;25;032007;1355,00;11;11033,30
1;2;25;042007;1355,00;6;5890,56
1;2;26;012007;1351,00;2;2498,28
1;2;26;022007;1351,00;12;11436,95
1;2;26;032007;1351,00;4;4057,80
1;2;26;042007;1351,00;3;2822,23
1;3;1;012007;933,00;9;7187,17
1;3;1;022007;933,00;8;6164,56
1;3;1;032007;933,00;9;6983,38
1;3;1;042007;933,00;4;2964,79
1;3;2;012007;1145,00;3;2883,21
1;3;2;022007;1145,00;2;1976,99
1;3;2;032007;1145,00;2;2009,63
1;3;2;042007;1145,00;1;908,71
1;3;3;012007;1372,00;32;33601,27
1;3;3;022007;1372,00;26;27230,19
1;3;3;032007;1372,00;22;23146,17
1;3;3;042007;1372,00;13;13584,46
1;3;5;012007;1168,00;6;5662,46
1;3;5;022007;1168,00;5;4487,77
1;3;5;032007;1168,00;5;4625,10
1;3;5;042007;1168,00;4;3718,68
1;3;6;012007;967,00;2;1559,37
1;3;6;022007;967,00;2;1521,41
1;3;6;032007;967,00;2;1543,65
1;3;6;042007;967,00;1;747,65
1;3;7;012007;704,00;138;84718,63
1;3;7;022007;704,00;136;86398,43
1;3;7;032007;704,00;134;86051,04
1;3;7;042007;704,00;102;57980,50
1;3;8;012007;311,00;2;554,22
1;3;8;022007;311,00;1;258,46
1;3;8;032007;311,00;1;261,71
1;3;8;042007;311,00;2;528,91
1;3;9;012007;324,00;109;28190,86
1;3;9;022007;324,00;103;25811,51
1;3;9;032007;324,00;97;24982,80
1;3;9;042007;324,00;55;14186,74
1;3;10;012007;190,00;282;42023,12
1;3;10;022007;190,00;265;40155,69
1;3;10;032007;190,00;284;44714,64
1;3;10;042007;190,00;160;25605,65
1;3;11;012007;1613,00;105;137783,86
1;3;11;022007;1613,00;110;145711,53
1;3;11;032007;1613,00;197;230919,82
1;3;11;042007;1613,00;55;72628,03
1;3;12;012007;1042,00;149;129548,95
1;3;12;022007;1042,00;164;139247,67
1;3;12;032007;1042,00;166;139048,25
1;3;12;042007;1042,00;574;391714,18
1;3;13;012007;707,00;204;127484,69
1;3;13;022007;707,00;205;120769,15
1;3;13;032007;707,00;229;133874,90
1;3;13;042007;707,00;164;88806,85
1;3;14;012007;1414,00;39;45127,79
1;3;14;022007;1414,00;30;34413,74
1;3;14;032007;1414,00;33;38271,21
1;3;14;042007;1414,00;21;24240,57
1;3;15;012007;1486,00;47;56155,16
1;3;15;022007;1486,00;34;40871,70
1;3;15;032007;1486,00;41;49949,33
1;3;15;042007;1486,00;23;26769,22
1;3;16;012007;748,00;35;20484,54
1;3;16;022007;748,00;28;15667,10
1;3;16;032007;748,00;33;19231,23
1;3;16;042007;748,00;33;19793,42
1;3;17;012007;820,00;100;70879,26
1;3;17;022007;820,00;92;63493,84
1;3;17;032007;820,00;114;79395,77
1;3;17;042007;820,00;118;81290,97
1;3;18;012007;1068,00;255;225549,41
1;3;18;022007;1068,00;234;213828,76
1;3;18;032007;1068,00;332;303584,07
1;3;18;042007;1068,00;363;335064,83
1;3;19;012007;900,00;3;2071,06
1;3;19;022007;900,00;2;1342,32
1;3;19;032007;900,00;5;3392,47
1;3;19;042007;900,00;5;3464,18
1;3;20;012007;293,00;140;31241,96
1;3;20;022007;293,00;164;35376,72
1;3;20;032007;293,00;132;28957,63
1;3;20;042007;293,00;255;42625,52
1;3;21;012007;230,00;86;16176,59
1;3;21;022007;230,00;117;20217,35
1;3;21;032007;230,00;96;16828,56
1;3;21;042007;230,00;153;26167,87
1;3;22;012007;1023,00;579;449873,35
1;3;22;022007;1023,00;350;290739,42
1;3;22;032007;1023,00;411;344218,19
1;3;22;042007;1023,00;335;288131,82
1;3;24;012007;973,00;561;432887,27
1;3;24;022007;973,00;750;561931,88
1;3;24;032007;973,00;735;572392,11
1;3;24;042007;973,00;724;566956,69
1;3;25;012007;1355,00;8;8697,60
1;3;25;022007;1355,00;13;13319,54
1;3;25;032007;1355,00;20;21611,39
1;3;25;042007;1355,00;32;34871,38
1;3;26;012007;1351,00;7;7889,95
1;3;26;022007;1351,00;13;12894,17
1;3;26;032007;1351,00;15;16056,23
1;3;26;042007;1351,00;20;19287,26
1;4;1;012007;933,00;22;16599,38
1;4;1;022007;933,00;21;14792,08
1;4;1;032007;933,00;24;17318,70
1;4;1;042007;933,00;23;15916,39
1;4;2;012007;1145,00;4;3654,40
1;4;2;022007;1145,00;4;3406,98
1;4;2;032007;1145,00;5;4565,82
1;4;2;042007;1145,00;5;4220,63
1;4;3;012007;1372,00;83;87051,37
1;4;3;022007;1372,00;79;80950,90
1;4;3;032007;1372,00;63;65467,27
1;4;3;042007;1372,00;46;47330,26
1;4;4;012007;926,00;2;1441,44
1;4;4;022007;926,00;3;1723,53
1;4;4;032007;926,00;2;1399,57
1;4;4;042007;926,00;1;653,45
1;4;5;012007;1168,00;22;19575,88
1;4;5;022007;1168,00;21;17467,77
1;4;5;032007;1168,00;17;14832,59
1;4;5;042007;1168,00;16;13275,71
1;4;6;012007;967,00;9;6573,57
1;4;6;022007;967,00;7;4802,64
1;4;6;032007;967,00;7;5036,21
1;4;6;042007;967,00;8;5506,28
1;4;7;012007;704,00;405;239464,17
1;4;7;022007;704,00;380;200690,00
1;4;7;032007;704,00;431;246419,56
1;4;7;042007;704,00;454;250803,79
1;4;8;012007;311,00;6;1565,42
1;4;8;022007;311,00;6;1440,90
1;4;8;032007;311,00;6;1557,29
1;4;8;042007;311,00;5;1214,49
1;4;9;012007;324,00;290;69818,43
1;4;9;022007;324,00;299;64952,19
1;4;9;032007;324,00;316;73855,32
1;4;9;042007;324,00;280;63707,81
1;4;10;012007;190,00;1516;201200,27
1;4;10;022007;190,00;1748;236836,64
1;4;10;032007;190,00;1923;247667,34
1;4;10;042007;190,00;2038;273218,57
1;4;11;012007;1613,00;278;338627,18
1;4;11;022007;1613,00;380;433055,94
1;4;11;032007;1613,00;370;453775,24
1;4;11;042007;1613,00;305;376715,56
1;4;12;012007;1042,00;400;316458,07
1;4;12;022007;1042,00;476;376224,64
1;4;12;032007;1042,00;459;393647,06
1;4;12;042007;1042,00;573;441287,70
1;4;13;012007;707,00;642;341364,20
1;4;13;022007;707,00;618;325836,78
1;4;13;032007;707,00;733;387015,83
1;4;13;042007;707,00;815;421501,79
1;4;14;012007;1414,00;89;96265,21
1;4;14;022007;1414,00;80;83153,37
1;4;14;032007;1414,00;109;119272,17
1;4;14;042007;1414,00;104;108976,83
1;4;15;012007;1486,00;103;115625,61
1;4;15;022007;1486,00;73;79827,09
1;4;15;032007;1486,00;103;117698,08
1;4;15;042007;1486,00;90;95707,30
1;4;16;012007;748,00;106;55348,95
1;4;16;022007;748,00;131;61872,57
1;4;16;032007;748,00;128;65165,19
1;4;16;042007;748,00;120;64251,59
1;4;17;012007;820,00;404;271277,41
1;4;17;022007;820,00;338;208476,82
1;4;17;032007;820,00;584;380177,24
1;4;17;042007;820,00;651;422052,65
1;4;18;012007;1068,00;743;614094,47
1;4;18;022007;1068,00;1304;969461,65
1;4;18;032007;1068,00;1299;1038290,40
1;4;18;042007;1068,00;1472;1194001,26
1;4;19;012007;900,00;22;13446,06
1;4;19;022007;900,00;44;26166,56
1;4;19;032007;900,00;44;26260,61
1;4;19;042007;900,00;41;24624,41
1;4;20;012007;293,00;681;148552,59
1;4;20;022007;293,00;842;178186,60
1;4;20;032007;293,00;1029;219721,07
1;4;20;042007;293,00;1153;253156,97
1;4;21;012007;230,00;464;79559,06
1;4;21;022007;230,00;609;98876,48
1;4;21;032007;230,00;707;118615,76
1;4;21;042007;230,00;743;124810,98
1;4;22;012007;1023,00;976;730824,97
1;4;22;022007;1023,00;746;532543,58
1;4;22;032007;1023,00;1506;1046864,71
1;4;22;042007;1023,00;1147;860186,52
1;4;24;012007;973,00;1583;1055696,36
1;4;24;022007;973,00;1858;1160332,95
1;4;24;032007;973,00;2347;1636073,37
1;4;24;042007;973,00;2007;1345685,25
1;4;25;012007;1355,00;18;16568,52
1;4;25;022007;1355,00;14;13061,60
1;4;25;032007;1355,00;33;32932,77
1;4;25;042007;1355,00;57;54810,95
1;4;26;012007;1351,00;19;18558,01
1;4;26;022007;1351,00;16;14908,22
1;4;26;032007;1351,00;57;52317,22
1;4;26;042007;1351,00;56;48528,92
1;6;3;012007;1372,00;3;3119,99
1;6;3;022007;1372,00;2;2024,47
1;6;3;032007;1372,00;2;2050,00
1;6;3;042007;1372,00;2;2050,00
1;6;5;012007;1168,00;1;1031,07
1;6;5;022007;1168,00;1;1018,80
1;6;5;032007;1168,00;1;1035,60
1;6;5;042007;1168,00;1;1029,90
1;6;7;012007;704,00;5;2423,70
1;6;7;022007;704,00;4;2011,56
1;6;7;032007;704,00;7;3619,84
1;6;7;042007;704,00;7;3604,97
1;6;8;012007;311,00;2;603,57
1;6;8;022007;311,00;2;596,39
1;6;8;032007;311,00;1;303,11
1;6;8;042007;311,00;1;301,44
1;6;9;012007;324,00;7;1946,33
1;6;9;022007;324,00;6;1566,91
1;6;9;032007;324,00;5;1332,32
1;6;9;042007;324,00;5;1324,67
1;6;10;012007;190,00;15;2416,22
1;6;10;022007;190,00;14;2336,11
1;6;10;032007;190,00;14;2374,63
1;6;10;042007;190,00;16;2751,08
1;6;11;012007;1613,00;3;4403,47
1;6;11;022007;1613,00;3;4271,96
1;6;11;032007;1613,00;2;2945,73
1;6;11;042007;1613,00;2;2929,25
1;6;12;012007;1042,00;10;8976,53
1;6;12;022007;1042,00;12;10768,57
1;6;12;032007;1042,00;11;9805,65
1;6;12;042007;1042,00;11;9693,95
1;6;13;012007;707,00;13;7192,73
1;6;13;022007;707,00;13;6234,30
1;6;13;032007;707,00;18;9026,01
1;6;13;042007;707,00;19;9861,76
1;6;14;012007;1414,00;3;3733,00
1;6;14;022007;1414,00;4;4953,58
1;6;14;032007;1414,00;3;3697,64
1;6;14;042007;1414,00;2;2287,20
1;6;15;012007;1486,00;2;2518,64
1;6;15;032007;1486,00;1;1252,31
1;6;15;042007;1486,00;2;2388,85
1;6;17;022007;820,00;1;726,10
1;6;18;012007;1068,00;4;4012,12
1;6;18;022007;1068,00;2;1750,98
1;6;18;032007;1068,00;4;3914,01
1;6;18;042007;1068,00;4;4052,82
1;6;20;012007;293,00;2;463,17
1;6;20;032007;293,00;1;226,08
1;6;20;042007;293,00;1;225,56
1;6;21;012007;230,00;1;181,38
1;6;21;022007;230,00;1;166,22
1;6;21;032007;230,00;1;168,65
1;6;22;012007;1023,00;4;3930,54
1;6;22;022007;1023,00;4;3524,87
1;6;22;032007;1023,00;4;3774,27
1;6;22;042007;1023,00;3;2806,64
1;6;24;012007;973,00;18;13288,41
1;6;24;022007;973,00;16;11209,68
1;6;24;032007;973,00;15;11112,91
1;6;24;042007;973,00;15;10663,42
1;6;25;012007;1355,00;1;963,17
1;6;25;022007;1355,00;1;951,56
1;6;25;032007;1355,00;1;964,13
1;6;25;042007;1355,00;1;962,06
1;7;3;012007;1372,00;4;4189,99
1;7;3;022007;1372,00;6;6251,49
1;7;3;032007;1372,00;6;6455,58
1;7;3;042007;1372,00;4;4100,00
1;7;7;012007;704,00;6;3311,74
1;7;7;022007;704,00;13;7576,37
1;7;7;032007;704,00;10;4865,94
1;7;7;042007;704,00;15;6667,37
1;7;9;012007;324,00;8;2183,68
1;7;9;022007;324,00;14;3600,63
1;7;9;032007;324,00;13;3466,75
1;7;9;042007;324,00;11;2950,68
1;7;10;012007;190,00;6;976,11
1;7;10;022007;190,00;9;1348,83
1;7;10;032007;190,00;10;1596,08
1;7;10;042007;190,00;10;1674,10
1;7;11;022007;1613,00;2;2700,00
1;7;11;032007;1613,00;2;2782,79
1;7;11;042007;1613,00;2;2782,79
1;7;12;012007;1042,00;9;7786,76
1;7;12;022007;1042,00;15;12447,46
1;7;12;032007;1042,00;15;13648,55
1;7;12;042007;1042,00;15;13423,10
1;7;13;012007;707,00;11;5940,51
1;7;13;022007;707,00;19;8912,40
1;7;13;032007;707,00;22;11180,71
1;7;13;042007;707,00;25;12735,68
1;7;14;012007;1414,00;3;3694,26
1;7;14;022007;1414,00;1;1006,84
1;7;14;032007;1414,00;3;3527,72
1;7;14;042007;1414,00;3;3527,72
1;7;15;012007;1486,00;1;1231,59
1;7;15;022007;1486,00;3;3675,43
1;7;15;032007;1486,00;4;5038,94
1;7;15;042007;1486,00;3;3788,58
1;7;16;012007;748,00;3;1760,91
1;7;16;022007;748,00;2;1076,22
1;7;16;032007;748,00;3;1665,27
1;7;16;042007;748,00;4;2343,50
1;7;17;012007;820,00;11;7896,28
1;7;17;022007;820,00;9;5928,82
1;7;17;032007;820,00;13;8818,98
1;7;17;042007;820,00;15;9893,62
1;7;18;012007;1068,00;23;21599,28
1;7;18;022007;1068,00;14;12222,04
1;7;18;032007;1068,00;33;29392,84
1;7;18;042007;1068,00;34;30143,60
1;7;19;012007;900,00;2;1429,16
1;7;19;022007;900,00;1;655,11
1;7;19;032007;900,00;3;2027,31
1;7;19;042007;900,00;3;2027,31
1;7;20;012007;293,00;5;1188,63
1;7;20;022007;293,00;11;2326,12
1;7;20;032007;293,00;6;1241,43
1;7;20;042007;293,00;3;646,85
1;7;21;012007;230,00;1;178,46
1;7;21;022007;230,00;7;1177,44
1;7;21;032007;230,00;2;350,62
1;7;21;042007;230,00;2;322,86
1;7;22;012007;1023,00;11;9912,99
1;7;22;022007;1023,00;23;18335,97
1;7;22;032007;1023,00;12;9420,72
1;7;22;042007;1023,00;6;4648,87
1;7;24;012007;973,00;21;16658,10
1;7;24;022007;973,00;38;28252,17
1;7;24;032007;973,00;49;36418,29
1;7;24;042007;973,00;46;34408,31
1;7;25;022007;1355,00;1;858,52
1;7;25;032007;1355,00;1;885,60
1;7;25;042007;1355,00;1;885,60
1;7;26;022007;1351,00;3;2926,94
2;3;1;012007;933,00;5;3966,15
2;3;1;022007;933,00;4;3365,57
2;3;1;032007;933,00;4;3159,28
2;3;1;042007;933,00;4;3133,15
2;3;2;012007;1145,00;1;952,20
2;3;2;032007;1145,00;1;994,53
2;3;2;042007;1145,00;1;986,30
2;3;3;012007;1372,00;24;25323,24
2;3;3;022007;1372,00;14;14584,71
2;3;3;032007;1372,00;17;17797,25
2;3;3;042007;1372,00;11;11636,44
2;3;5;012007;1168,00;4;3787,05
2;3;5;022007;1168,00;2;1955,46
2;3;5;032007;1168,00;3;2966,52
2;3;5;042007;1168,00;3;2941,97
2;3;6;012007;967,00;2;1566,87
2;3;6;032007;967,00;1;818,25
2;3;6;042007;967,00;1;811,48
2;3;7;012007;704,00;80;51399,11
2;3;7;022007;704,00;56;34838,82
2;3;7;032007;704,00;64;39387,46
2;3;7;042007;704,00;68;36516,45
2;3;8;012007;311,00;1;277,11
2;3;8;022007;311,00;1;286,17
2;3;8;032007;311,00;1;289,43
2;3;8;042007;311,00;1;287,04
2;3;9;012007;324,00;69;17930,43
2;3;9;022007;324,00;54;14112,78
2;3;9;032007;324,00;60;15912,17
2;3;9;042007;324,00;56;14880,43
2;3;10;012007;190,00;246;36932,09
2;3;10;022007;190,00;167;26463,57
2;3;10;032007;190,00;220;35868,97
2;3;10;042007;190,00;248;40903,89
2;3;11;012007;1613,00;80;105806,70
2;3;11;022007;1613,00;60;83948,91
2;3;11;032007;1613,00;55;80010,67
2;3;11;042007;1613,00;50;71288,23
2;3;12;012007;1042,00;84;72863,87
2;3;12;022007;1042,00;73;63164,65
2;3;12;032007;1042,00;82;77612,19
2;3;12;042007;1042,00;78;73362,74
2;3;13;012007;707,00;139;87254,85
2;3;13;022007;707,00;111;69365,73
2;3;13;032007;707,00;134;80889,01
2;3;13;042007;707,00;155;88052,67
2;3;14;012007;1414,00;23;26769,91
2;3;14;022007;1414,00;16;18926,28
2;3;14;032007;1414,00;18;21385,24
2;3;14;042007;1414,00;15;17633,67
2;3;15;012007;1486,00;24;28786,58
2;3;15;022007;1486,00;18;22374,09
2;3;15;032007;1486,00;22;27369,94
2;3;15;042007;1486,00;19;22955,12
2;3;16;012007;748,00;21;11686,19
2;3;16;022007;748,00;17;9864,37
2;3;16;032007;748,00;20;11972,91
2;3;16;042007;748,00;19;11522,08
2;3;17;012007;820,00;111;70360,20
2;3;17;022007;820,00;78;52022,81
2;3;17;032007;820,00;134;83678,70
2;3;17;042007;820,00;115;80079,87
2;3;18;012007;1068,00;208;169779,20
2;3;18;022007;1068,00;167;144378,21
2;3;18;032007;1068,00;280;239475,70
2;3;18;042007;1068,00;288;247757,28
2;3;19;012007;900,00;1;724,73
2;3;19;022007;900,00;1;697,30
2;3;19;032007;900,00;2;1410,65
2;3;19;042007;900,00;1;705,32
2;3;20;012007;293,00;54;12460,00
2;3;20;022007;293,00;32;7091,57
2;3;20;032007;293,00;46;10207,57
2;3;20;042007;293,00;31;6395,68
2;3;21;012007;230,00;33;6405,16
2;3;21;022007;230,00;28;4988,80
2;3;21;032007;230,00;42;7598,06
2;3;21;042007;230,00;30;5488,25
2;3;22;012007;1023,00;203;172616,06
2;3;22;022007;1023,00;251;203807,86
2;3;22;032007;1023,00;310;251479,34
2;3;22;042007;1023,00;234;189534,72
2;3;24;012007;973,00;288;243055,63
2;3;24;022007;973,00;356;279461,36
2;3;24;032007;973,00;414;332561,63
2;3;24;042007;973,00;388;306702,94
2;3;25;012007;1355,00;1;949,75
2;3;25;022007;1355,00;1;913,83
2;3;25;032007;1355,00;4;4365,86
2;3;25;042007;1355,00;6;6584,53
2;3;26;012007;1351,00;4;4630,29
2;3;26;022007;1351,00;4;4264,53
2;3;26;032007;1351,00;4;4315,87
2;3;26;042007;1351,00;6;5663,17
2;6;1;012007;933,00;7;5863,05
2;6;1;022007;933,00;5;4110,61
2;6;1;032007;933,00;6;4930,62
2;6;2;012007;1145,00;2;2084,59
2;6;2;022007;1145,00;1;986,89
2;6;2;032007;1145,00;1;1006,28
2;6;3;012007;1372,00;22;23081,97
2;6;3;022007;1372,00;13;13532,77
2;6;3;032007;1372,00;16;16922,71
2;6;3;042007;1372,00;128;127401,84
2;6;5;012007;1168,00;5;5008,50
2;6;5;022007;1168,00;4;3924,96
2;6;5;032007;1168,00;3;2996,90
2;6;5;042007;1168,00;2;1978,85
2;6;6;012007;967,00;2;1643,28
2;6;6;022007;967,00;2;1623,93
2;6;6;032007;967,00;1;827,92
2;6;6;042007;967,00;1;821,15
2;6;7;012007;704,00;167;107266,69
2;6;7;022007;704,00;135;84091,49
2;6;7;032007;704,00;143;87447,70
2;6;7;042007;704,00;88;47535,35
2;6;8;012007;311,00;3;876,15
2;6;8;022007;311,00;2;574,42
2;6;8;032007;311,00;2;584,33
2;6;8;042007;311,00;1;288,75
2;6;9;012007;324,00;126;34283,29
2;6;9;022007;324,00;106;27763,22
2;6;9;032007;324,00;105;28164,45
2;6;9;042007;324,00;134;35311,93
2;6;10;012007;190,00;455;71795,08
2;6;10;022007;190,00;333;52500,27
2;6;10;032007;190,00;425;69303,92
2;6;10;042007;190,00;403;60234,93
2;6;11;012007;1613,00;134;185508,77
2;6;11;022007;1613,00;129;180099,15
2;6;11;032007;1613,00;115;166637,84
2;6;11;042007;1613,00;59;83937,69
2;6;12;012007;1042,00;154;142307,77
2;6;12;022007;1042,00;156;133746,22
2;6;12;032007;1042,00;165;156629,21
2;6;13;012007;707,00;209;135406,47
2;6;13;022007;707,00;196;118325,94
2;6;13;032007;707,00;210;124997,31
2;6;13;042007;707,00;125;69462,08
2;6;14;012007;1414,00;23;28194,57
2;6;14;022007;1414,00;20;23622,71
2;6;14;032007;1414,00;18;21683,43
2;6;14;042007;1414,00;15;18365,85
2;6;15;012007;1486,00;25;31518,75
2;6;15;022007;1486,00;18;22326,50
2;6;15;032007;1486,00;22;27586,93
2;6;15;042007;1486,00;73;96052,33
2;6;16;012007;748,00;48;26448,97
2;6;16;022007;748,00;35;20305,13
2;6;16;032007;748,00;43;25978,38
2;6;16;042007;748,00;50;29411,86
2;6;17;012007;820,00;188;118094,29
2;6;17;022007;820,00;127;86638,50
2;6;17;032007;820,00;220;132000,00
2;6;17;042007;820,00;86;59927,43
2;6;18;012007;1068,00;352;284768,81
2;6;18;022007;1068,00;281;245721,72
2;6;18;032007;1068,00;473;397735,78
2;6;18;042007;1068,00;440;357867,76
2;6;19;012007;900,00;4;2831,43
2;6;19;022007;900,00;3;2095,30
2;6;19;032007;900,00;7;4971,01
2;6;19;042007;900,00;1;703,63
2;6;20;012007;293,00;107;24508,03
2;6;20;022007;293,00;68;15106,95
2;6;20;032007;293,00;87;19803,86
2;6;20;042007;293,00;221;39629,65
2;6;21;012007;230,00;69;13338,69
2;6;21;022007;230,00;66;11755,96
2;6;21;032007;230,00;90;16404,75
2;6;21;042007;230,00;123;22295,28
2;6;22;012007;1023,00;358;299983,31
2;6;22;022007;1023,00;404;332715,34
2;6;22;032007;1023,00;502;424380,22
2;6;22;042007;1023,00;466;358903,98
2;6;24;012007;973,00;796;666098,86
2;6;24;022007;973,00;1059;834478,23
2;6;24;032007;973,00;1091;884620,68
2;6;24;042007;973,00;1161;932325,76
2;6;25;012007;1355,00;6;6311,06
2;6;25;022007;1355,00;1;917,15
2;6;25;032007;1355,00;9;9817,81
2;6;25;042007;1355,00;3;3171,93
2;6;26;012007;1351,00;7;8372,08
2;6;26;022007;1351,00;9;8707,03
2;6;26;032007;1351,00;14;15626,08
2;6;26;042007;1351,00;20;19579,18
2;7;1;012007;933,00;7;5644,97
2;7;1;022007;933,00;6;4939,41
2;7;1;032007;933,00;6;4743,88
2;7;1;042007;933,00;6;4795,47
2;7;2;012007;1145,00;1;934,57
2;7;2;022007;1145,00;1;942,21
2;7;2;032007;1145,00;1;947,51
2;7;2;042007;1145,00;1;968,66
2;7;3;012007;1372,00;21;21908,43
2;7;3;022007;1372,00;20;20687,72
2;7;3;032007;1372,00;18;19141,98
2;7;3;042007;1372,00;13;13663,27
2;7;5;012007;1168,00;4;3787,05
2;7;5;022007;1168,00;5;4779,97
2;7;5;032007;1168,00;4;3875,87
2;7;5;042007;1168,00;4;3917,95
2;7;6;012007;967,00;2;1595,88
2;7;6;022007;967,00;1;775,21
2;7;6;032007;967,00;1;779,56
2;7;6;042007;967,00;1;796,97
2;7;7;012007;704,00;101;61022,79
2;7;7;022007;704,00;89;52025,67
2;7;7;032007;704,00;100;59855,23
2;7;7;042007;704,00;114;62897,51
2;7;8;012007;311,00;2;543,96
2;7;8;022007;311,00;1;274,20
2;7;8;032007;311,00;2;567,22
2;7;8;042007;311,00;2;573,38
2;7;9;012007;324,00;93;24374,68
2;7;9;022007;324,00;91;22733,57
2;7;9;032007;324,00;97;24778,20
2;7;9;042007;324,00;79;20641,85
2;7;10;012007;190,00;618;92937,56
2;7;10;022007;190,00;577;88640,76
2;7;10;032007;190,00;689;108446,95
2;7;10;042007;190,00;714;116358,26
2;7;11;012007;1613,00;101;128458,11
2;7;11;022007;1613,00;105;139362,56
2;7;11;032007;1613,00;95;129386,72
2;7;11;042007;1613,00;87;119364,01
2;7;12;012007;1042,00;119;103447,63
2;7;12;022007;1042,00;136;113099,58
2;7;12;032007;1042,00;133;121970,36
2;7;12;042007;1042,00;123;113956,56
2;7;13;012007;707,00;159;96926,92
2;7;13;022007;707,00;165;91224,41
2;7;13;032007;707,00;176;98661,59
2;7;13;042007;707,00;219;121169,49
2;7;14;012007;1414,00;16;18748,80
2;7;14;022007;1414,00;19;22034,30
2;7;14;032007;1414,00;19;21695,14
2;7;14;042007;1414,00;17;19618,53
2;7;15;012007;1486,00;20;24584,59
2;7;15;022007;1486,00;16;18726,79
2;7;15;032007;1486,00;18;21648,74
2;7;15;042007;1486,00;15;17869,85
2;7;16;012007;748,00;38;20967,83
2;7;16;022007;748,00;25;14194,05
2;7;16;032007;748,00;24;14320,98
2;7;16;042007;748,00;24;14460,67
2;7;17;012007;820,00;166;101983,33
2;7;17;022007;820,00;105;67584,13
2;7;17;032007;820,00;192;115762,05
2;7;17;042007;820,00;142;98095,19
2;7;18;012007;1068,00;349;284562,98
2;7;18;022007;1068,00;267;217040,82
2;7;18;032007;1068,00;386;316683,13
2;7;18;042007;1068,00;390;337309,52
2;7;19;012007;900,00;11;7783,06
2;7;19;022007;900,00;5;3402,18
2;7;19;032007;900,00;13;9095,00
2;7;19;042007;900,00;12;8404,86
2;7;20;012007;293,00;264;59696,72
2;7;20;022007;293,00;198;42482,53
2;7;20;032007;293,00;134;29532,53
2;7;20;042007;293,00;172;31671,48
2;7;21;012007;230,00;165;31516,27
2;7;21;022007;230,00;151;25936,31
2;7;21;032007;230,00;108;18999,57
2;7;21;042007;230,00;103;18373,92
2;7;22;012007;1023,00;394;327289,11
2;7;22;022007;1023,00;379;292370,34
2;7;22;032007;1023,00;446;351884,17
2;7;22;042007;1023,00;345;275882,74
2;7;24;012007;973,00;782;657358,21
2;7;24;022007;973,00;925;714628,18
2;7;24;032007;973,00;936;751348,79
2;7;24;042007;973,00;872;696881,18
2;7;25;012007;1355,00;3;2753,10
2;7;25;022007;1355,00;5;5120,58
2;7;25;032007;1355,00;8;8612,14
2;7;25;042007;1355,00;9;9595,08
2;7;26;012007;1351,00;7;7580,03
2;7;26;022007;1351,00;6;5664,64
2;7;26;032007;1351,00;5;5514,86
2;7;26;042007;1351,00;5;4751,66
3;1;1;022007;933,00;1;891,93
3;1;1;032007;933,00;2;1581,37
3;1;1;042007;933,00;2;1581,37
3;1;3;012007;1372,00;12;12751,25
3;1;3;022007;1372,00;15;15534,69
3;1;3;032007;1372,00;17;17870,62
3;1;3;042007;1372,00;11;11630,63
3;1;5;012007;1168,00;1;946,47
3;1;5;022007;1168,00;2;1794,17
3;1;5;032007;1168,00;1;908,18
3;1;5;042007;1168,00;1;908,18
3;1;6;022007;967,00;1;742,34
3;1;7;012007;704,00;19;10653,43
3;1;7;022007;704,00;31;16679,96
3;1;7;032007;704,00;29;16041,59
3;1;7;042007;704,00;33;16710,29
3;1;9;012007;324,00;12;3062,67
3;1;9;022007;324,00;20;4871,41
3;1;9;032007;324,00;19;4703,59
3;1;9;042007;324,00;16;3960,55
3;1;10;012007;190,00;15;2184,20
3;1;10;022007;190,00;21;3063,34
3;1;10;032007;190,00;23;3481,06
3;1;10;042007;190,00;25;3833,01
3;1;11;012007;1613,00;4;5266,31
3;1;11;022007;1613,00;7;8479,57
3;1;11;032007;1613,00;11;14503,72
3;1;11;042007;1613,00;7;8815,77
3;1;12;012007;1042,00;27;23964,67
3;1;12;022007;1042,00;40;34462,42
3;1;12;032007;1042,00;44;40494,59
3;1;12;042007;1042,00;36;33126,44
3;1;13;012007;707,00;31;16374,23
3;1;13;022007;707,00;47;25583,12
3;1;13;032007;707,00;54;28276,79
3;1;13;042007;707,00;66;35192,09
3;1;14;012007;1414,00;6;6929,79
3;1;14;022007;1414,00;7;7456,79
3;1;14;032007;1414,00;9;9897,44
3;1;14;042007;1414,00;9;9620,64
3;1;15;012007;1486,00;7;8441,20
3;1;15;022007;1486,00;3;3528,88
3;1;15;032007;1486,00;7;8125,82
3;1;15;042007;1486,00;6;6767,32
4;4;2;022007;1145,00;1;916,35
4;4;2;032007;1145,00;3;2712,02
4;4;2;042007;1145,00;1;871,09
4;4;3;012007;1372,00;1;1070,00
4;4;3;022007;1372,00;1;1056,60
4;4;5;012007;1168,00;2;2017,41
4;4;5;022007;1168,00;2;1822,22
4;4;5;032007;1168,00;2;1797,68
4;4;5;042007;1168,00;1;866,11
4;4;6;012007;967,00;1;834,70
4;4;6;042007;967,00;1;716,70
4;4;7;012007;704,00;1;327,00
4;4;7;022007;704,00;1;323,27
4;4;7;032007;704,00;6;2617,15
4;4;7;042007;704,00;4;1831,56
4;4;9;012007;324,00;4;1099,70
4;4;9;022007;324,00;7;1679,75
4;4;9;032007;324,00;14;3336,01
4;4;9;042007;324,00;5;1129,88
4;4;10;012007;190,00;35;5597,53
4;4;10;022007;190,00;47;6897,24
4;4;10;032007;190,00;72;10581,54
4;4;10;042007;190,00;53;7712,86
4;4;11;012007;1613,00;5;7096,90
4;4;11;022007;1613,00;12;15371,33
4;4;11;032007;1613,00;10;13203,41
4;4;11;042007;1613,00;11;13582,32
4;4;12;012007;1042,00;13;11338,19
4;4;12;022007;1042,00;17;14162,82
4;4;12;032007;1042,00;23;20674,24
4;4;12;042007;1042,00;29;26535,54
4;4;13;012007;707,00;27;15405,40
4;4;13;022007;707,00;35;17957,23
4;4;13;032007;707,00;30;15651,11
4;4;13;042007;707,00;49;26077,41
4;4;14;012007;1414,00;2;2289,51
4;4;14;032007;1414,00;6;6520,47
4;4;14;042007;1414,00;4;4276,64
4;4;15;022007;1486,00;2;2522,46
4;4;15;032007;1486,00;10;11333,31
4;4;15;042007;1486,00;6;6387,25
4;4;17;012007;820,00;11;7672,81
4;4;17;022007;820,00;2;1266,38
4;4;17;032007;820,00;6;3811,79
4;4;17;042007;820,00;4;2341,18
4;4;18;012007;1068,00;9;7780,65
4;4;18;022007;1068,00;1;791,76
4;4;18;032007;1068,00;4;3328,84
4;4;18;042007;1068,00;2;1419,98
4;4;19;012007;900,00;2;1388,71
4;4;20;012007;293,00;4;902,74
4;4;21;012007;230,00;1;170,96
4;4;21;022007;230,00;1;148,50
4;4;21;032007;230,00;2;298,05
4;4;21;042007;230,00;2;294,77
4;4;22;012007;1023,00;8;6835,79
4;4;22;032007;1023,00;2;1736,87
4;4;22;042007;1023,00;1;710,00
4;4;24;012007;973,00;22;14816,36
4;4;24;022007;973,00;6;2976,53
4;4;24;032007;973,00;10;4451,43
4;4;24;042007;973,00;6;2802,33
5;2;1;012007;933,00;5;3935,14
5;2;1;022007;933,00;4;3003,45
5;2;1;032007;933,00;5;3745,80
5;2;1;042007;933,00;5;3701,74
5;2;2;012007;1145,00;1;944,76
5;2;2;022007;1145,00;1;877,56
5;2;2;032007;1145,00;1;899,31
5;2;2;042007;1145,00;1;888,73
5;2;3;012007;1372,00;28;29403,68
5;2;3;022007;1372,00;22;22729,17
5;2;3;032007;1372,00;22;22954,18
5;2;3;042007;1372,00;14;14726,37
5;2;4;042007;926,00;1;700,71
5;2;5;012007;1168,00;6;5636,15
5;2;5;022007;1168,00;7;6107,78
5;2;5;032007;1168,00;6;5364,98
5;2;5;042007;1168,00;5;4418,22
5;2;6;012007;967,00;2;1554,61
5;2;6;022007;967,00;2;1444,03
5;2;6;032007;967,00;2;1479,82
5;2;6;042007;967,00;2;1462,40
5;2;7;012007;704,00;108;66777,10
5;2;7;022007;704,00;99;60317,58
5;2;7;032007;704,00;107;64611,48
5;2;7;042007;704,00;103;60290,08
5;2;8;012007;311,00;2;549,89
5;2;8;022007;311,00;2;510,78
5;2;8;032007;311,00;2;523,43
5;2;8;042007;311,00;2;517,28
5;2;9;012007;324,00;72;18539,40
5;2;9;022007;324,00;67;15880,02
5;2;9;032007;324,00;76;18490,60
5;2;9;042007;324,00;60;14484,67
5;2;10;012007;190,00;159;23643,19
5;2;10;022007;190,00;144;20295,97
5;2;10;032007;190,00;179;26335,64
5;2;10;042007;190,00;177;26282,87
5;2;11;012007;1613,00;73;96137,62
5;2;11;022007;1613,00;86;107187,00
5;2;11;032007;1613,00;92;120433,28
5;2;11;042007;1613,00;73;93219,26
5;2;12;012007;1042,00;86;74189,08
5;2;12;022007;1042,00;101;84153,18
5;2;12;032007;1042,00;96;85890,56
5;2;12;042007;1042,00;85;76599,29
5;2;13;012007;707,00;161;98135,45
5;2;13;022007;707,00;175;99916,19
5;2;13;032007;707,00;191;111015,14
5;2;13;042007;707,00;210;119752,32
5;2;14;012007;1414,00;21;24428,53
5;2;14;022007;1414,00;19;20586,49
5;2;14;032007;1414,00;19;20931,07
5;2;14;042007;1414,00;15;16235,38
5;2;15;012007;1486,00;24;28561,52
5;2;15;022007;1486,00;28;31610,91
5;2;15;032007;1486,00;32;36882,83
5;2;15;042007;1486,00;22;24502,33
5;2;16;012007;748,00;16;9511,73
5;2;16;022007;748,00;12;6619,29
5;2;16;032007;748,00;12;6847,27
5;2;16;042007;748,00;10;5725,03
5;2;17;012007;820,00;20;14585,65
5;2;17;022007;820,00;13;8637,71
5;2;17;032007;820,00;17;11565,56
5;2;17;042007;820,00;15;9770,46
5;2;18;012007;1068,00;59;54185,04
5;2;18;022007;1068,00;40;35431,79
5;2;18;032007;1068,00;56;49756,24
5;2;18;042007;1068,00;56;48794,00
5;2;19;012007;900,00;2;1408,40
5;2;19;022007;900,00;1;659,35
5;2;19;032007;900,00;2;1339,78
5;2;19;042007;900,00;2;1334,72
5;2;20;012007;293,00;20;4579,84
5;2;20;022007;293,00;15;3152,56
5;2;20;032007;293,00;16;3422,56
5;2;20;042007;293,00;16;3078,42
5;2;21;012007;230,00;12;2322,34
5;2;21;022007;230,00;8;1382,40
5;2;21;032007;230,00;10;1717,36
5;2;21;042007;230,00;10;1745,47
5;2;22;012007;1023,00;40;35776,89
5;2;22;022007;1023,00;40;32514,58
5;2;22;032007;1023,00;40;33715,81
5;2;22;042007;1023,00;32;26764,19
5;2;24;012007;973,00;210;171536,13
5;2;24;022007;973,00;184;139341,85
5;2;24;032007;973,00;201;156903,87
5;2;24;042007;973,00;172;132346,94
5;2;25;012007;1355,00;3;3519,71
5;2;25;022007;1355,00;3;3207,23
5;2;25;032007;1355,00;3;3266,49
5;2;25;042007;1355,00;5;5378,36
5;2;26;012007;1351,00;3;3582,43
5;2;26;022007;1351,00;3;2945,36
5;2;26;032007;1351,00;3;3271,27
5;2;26;042007;1351,00;4;3641,16
5;3;1;012007;933,00;14;10212,11
5;3;1;022007;933,00;11;7853,77
5;3;1;032007;933,00;12;8433,48
5;3;1;042007;933,00;15;10576,37
5;3;2;012007;1145,00;5;4459,02
5;3;2;022007;1145,00;3;2587,60
5;3;2;032007;1145,00;4;3400,61
5;3;2;042007;1145,00;6;5175,21
5;3;3;012007;1372,00;63;65990,12
5;3;3;022007;1372,00;46;47992,79
5;3;3;032007;1372,00;56;58188,70
5;3;3;042007;1372,00;38;39750,22
5;3;4;012007;926,00;1;687,43
5;3;4;022007;926,00;1;667,36
5;3;4;042007;926,00;1;667,35
5;3;5;012007;1168,00;16;13870,14
5;3;5;022007;1168,00;12;10098,80
5;3;5;032007;1168,00;11;9167,22
5;3;5;042007;1168,00;10;8415,67
5;3;6;012007;967,00;6;4304,01
5;3;6;022007;967,00;3;2089,16
5;3;6;032007;967,00;3;2068,84
5;3;6;042007;967,00;3;2089,15
5;3;7;012007;704,00;265;156285,22
5;3;7;022007;704,00;212;129225,38
5;3;7;032007;704,00;231;133081,77
5;3;7;042007;704,00;280;148764,63
5;3;8;012007;311,00;6;1522,37
5;3;8;022007;311,00;5;1231,59
5;3;8;032007;311,00;5;1219,62
5;3;8;042007;311,00;6;1477,91
5;3;9;012007;324,00;225;53575,55
5;3;9;022007;324,00;174;40648,20
5;3;9;032007;324,00;161;37761,90
5;3;9;042007;324,00;147;34810,42
5;3;10;012007;190,00;409;56268,87
5;3;10;022007;190,00;333;45605,64
5;3;10;032007;190,00;428;58969,51
5;3;10;042007;190,00;491;69718,85
5;3;11;012007;1613,00;197;237388,10
5;3;11;022007;1613,00;141;171986,29
5;3;11;032007;1613,00;168;208894,66
5;3;11;042007;1613,00;158;194683,24
5;3;12;012007;1042,00;244;194910,66
5;3;12;022007;1042,00;207;172025,07
5;3;12;032007;1042,00;234;203668,14
5;3;12;042007;1042,00;232;207035,28
5;3;13;012007;707,00;372;217910,11
5;3;13;022007;707,00;279;160513,27
5;3;13;032007;707,00;352;195679,92
5;3;13;042007;707,00;445;241561,31
5;3;14;012007;1414,00;79;84220,39
5;3;14;022007;1414,00;50;53798,94
5;3;14;032007;1414,00;62;65830,87
5;3;14;042007;1414,00;61;64922,14
5;3;15;012007;1486,00;91;100299,87
5;3;15;022007;1486,00;73;82225,00
5;3;15;032007;1486,00;94;104279,88
5;3;15;042007;1486,00;82;89649,53
5;3;16;012007;748,00;33;18429,97
5;3;16;022007;748,00;18;9969,86
5;3;16;032007;748,00;24;13332,33
5;3;16;042007;748,00;25;14233,46
5;3;17;012007;820,00;53;35520,47
5;3;17;022007;820,00;34;22984,32
5;3;17;032007;820,00;47;31288,69
5;3;17;042007;820,00;45;29315,07
5;3;18;012007;1068,00;189;171174,92
5;3;18;022007;1068,00;112;102843,62
5;3;18;032007;1068,00;187;166394,21
5;3;18;042007;1068,00;198;176879,30
5;3;19;012007;900,00;9;5920,13
5;3;19;022007;900,00;5;3290,39
5;3;19;032007;900,00;14;9130,41
5;3;19;042007;900,00;12;7896,94
5;3;20;012007;293,00;99;21805,61
5;3;20;022007;293,00;73;15621,39
5;3;20;032007;293,00;65;13872,88
5;3;20;042007;293,00;82;14715,91
5;3;21;012007;230,00;61;11349,85
5;3;21;022007;230,00;32;5470,25
5;3;21;032007;230,00;30;5099,71
5;3;21;042007;230,00;33;5748,21
5;3;22;012007;1023,00;212;178409,71
5;3;22;022007;1023,00;137;111972,80
5;3;22;032007;1023,00;184;150414,14
5;3;22;042007;1023,00;146;120558,52
5;3;24;012007;973,00;448;341668,63
5;3;24;022007;973,00;398;289738,15
5;3;24;032007;973,00;403;296709,54
5;3;24;042007;973,00;387;286255,40
5;3;25;012007;1355,00;7;7353,59
5;3;25;022007;1355,00;8;8043,82
5;3;25;032007;1355,00;19;19081,87
5;3;25;042007;1355,00;29;29509,41
5;3;26;012007;1351,00;8;8307,76
5;3;26;022007;1351,00;5;4814,34
5;3;26;032007;1351,00;9;9244,37
5;3;26;042007;1351,00;13;11795,17
5;4;1;012007;933,00;4;3170,41
5;4;1;022007;933,00;4;2870,70
5;4;1;032007;933,00;9;6153,79
5;4;1;042007;933,00;8;5857,10
5;4;2;012007;1145,00;2;1905,64
5;4;2;022007;1145,00;1;838,76
5;4;2;032007;1145,00;2;1724,27
5;4;2;042007;1145,00;3;2713,37
5;4;3;012007;1372,00;23;24275,26
5;4;3;022007;1372,00;21;20831,66
5;4;3;032007;1372,00;25;26003,47
5;4;3;042007;1372,00;18;18913,29
5;4;5;012007;1168,00;7;6447,33
5;4;5;022007;1168,00;11;9173,66
5;4;5;032007;1168,00;7;5833,69
5;4;5;042007;1168,00;7;6177,32
5;4;6;012007;967,00;3;2286,47
5;4;6;022007;967,00;2;1380,20
5;4;6;032007;967,00;3;2068,83
5;4;6;042007;967,00;3;2190,70
5;4;7;012007;704,00;81;50872,39
5;4;7;022007;704,00;82;49208,50
5;4;7;032007;704,00;90;52355,45
5;4;7;042007;704,00;111;61190,40
5;4;8;012007;311,00;1;269,58
5;4;8;022007;311,00;1;244,09
5;4;8;032007;311,00;1;243,92
5;4;8;042007;311,00;1;258,29
5;4;9;012007;324,00;55;13844,27
5;4;9;022007;324,00;57;13171,61
5;4;9;032007;324,00;64;14992,83
5;4;9;042007;324,00;55;13630,09
5;4;10;012007;190,00;128;17635,80
5;4;10;022007;190,00;132;17884,25
5;4;10;032007;190,00;162;21922,48
5;4;10;042007;190,00;186;26337,45
5;4;11;012007;1613,00;47;58525,53
5;4;11;022007;1613,00;63;74895,30
5;4;11;032007;1613,00;55;68951,64
5;4;11;042007;1613,00;53;67256,87
5;4;12;012007;1042,00;71;58928,02
5;4;12;022007;1042,00;98;78079,12
5;4;12;032007;1042,00;84;72944,28
5;4;12;042007;1042,00;90;80337,74
5;4;13;012007;707,00;116;63057,09
5;4;13;022007;707,00;131;72440,64
5;4;13;032007;707,00;138;77178,93
5;4;13;042007;707,00;176;98016,14
5;4;14;012007;1414,00;20;22708,16
5;4;14;022007;1414,00;20;21277,37
5;4;14;032007;1414,00;21;22308,47
5;4;14;042007;1414,00;21;23522,41
5;4;15;012007;1486,00;24;28004,70
5;4;15;022007;1486,00;25;27862,82
5;4;15;032007;1486,00;28;31403,42
5;4;15;042007;1486,00;27;30659,97
5;4;16;012007;748,00;4;2378,70
5;4;16;022007;748,00;1;518,73
5;4;16;032007;748,00;11;6067,01
5;4;16;042007;748,00;6;3406,38
5;4;17;012007;820,00;58;38730,01
5;4;17;022007;820,00;38;22842,65
5;4;17;032007;820,00;53;33390,03
5;4;17;042007;820,00;55;34650,04
5;4;18;012007;1068,00;234;174709,29
5;4;18;022007;1068,00;256;182906,90
5;4;18;032007;1068,00;230;174908,82
5;4;18;042007;1068,00;144;112241,56
5;4;19;032007;900,00;1;645,43
5;4;19;042007;900,00;1;666,52
5;4;20;012007;293,00;41;9392,34
5;4;20;022007;293,00;16;3347,62
5;4;20;032007;293,00;36;7657,48
5;4;20;042007;293,00;21;3823,43
5;4;21;012007;230,00;27;5226,33
5;4;21;022007;230,00;3;533,66
5;4;21;032007;230,00;12;2074,46
5;4;21;042007;230,00;6;1071,40
5;4;22;012007;1023,00;351;253730,83
5;4;22;022007;1023,00;166;123566,85
5;4;22;032007;1023,00;273;210559,08
5;4;22;042007;1023,00;650;422498,70
5;4;24;012007;973,00;214;161243,35
5;4;24;022007;973,00;175;120965,57
5;4;24;032007;973,00;184;132545,58
5;4;24;042007;973,00;125;89843,84
5;4;25;012007;1355,00;1;898,91
5;4;25;022007;1355,00;4;3935,66
5;4;25;032007;1355,00;3;3121,62
5;4;25;042007;1355,00;2;2149,68
5;4;26;012007;1351,00;2;2121,75
5;6;2;032007;1145,00;1;945,15
5;6;3;012007;1372,00;7;7309,99
5;6;3;022007;1372,00;3;3081,05
5;6;3;032007;1372,00;11;11582,36
5;6;3;042007;1372,00;62;58004,93
5;6;5;012007;1168,00;4;3833,80
5;6;5;022007;1168,00;1;928,64
5;6;5;032007;1168,00;2;1879,49
5;6;6;012007;967,00;2;1586,21
5;6;6;022007;967,00;1;768,44
5;6;6;032007;967,00;1;777,63
5;6;7;012007;704,00;61;37992,09
5;6;7;022007;704,00;32;18868,06
5;6;7;032007;704,00;51;28701,56
5;6;8;022007;311,00;2;543,62
5;6;8;032007;311,00;2;550,12
5;6;9;012007;324,00;64;16864,98
5;6;9;022007;324,00;26;6426,58
5;6;9;032007;324,00;32;8053,89
5;6;9;042007;324,00;38;9472,52
5;6;10;012007;190,00;44;6679,60
5;6;10;022007;190,00;38;5702,82
5;6;10;032007;190,00;55;8483,68
5;6;10;042007;190,00;102;12954,85
5;6;11;012007;1613,00;33;44495,28
5;6;11;022007;1613,00;22;27415,16
5;6;11;032007;1613,00;37;49913,82
5;6;11;042007;1613,00;12;14969,25
5;6;12;012007;1042,00;84;73763,41
5;6;12;022007;1042,00;61;52560,33
5;6;12;032007;1042,00;87;79763,82
5;6;13;012007;707,00;61;40473,43
5;6;13;022007;707,00;70;39552,30
5;6;13;032007;707,00;102;59643,07
5;6;14;012007;1414,00;4;4819,85
5;6;14;022007;1414,00;4;4588,70
5;6;14;032007;1414,00;9;10174,69
5;6;14;042007;1414,00;9;10579,01
5;6;15;012007;1486,00;7;8547,92
5;6;15;022007;1486,00;5;6187,78
5;6;15;032007;1486,00;8;9481,12
5;6;15;042007;1486,00;18;21797,35
5;6;20;032007;293,00;3;760,89
5;6;20;042007;293,00;2;517,24
5;6;24;022007;973,00;1;785,31
5;7;1;012007;933,00;3;2271,76
5;7;1;022007;933,00;3;2157,39
5;7;1;032007;933,00;3;2128,78
5;7;1;042007;933,00;3;2128,78
5;7;2;022007;1145,00;1;886,37
5;7;2;032007;1145,00;1;874,62
5;7;2;042007;1145,00;1;874,62
5;7;3;012007;1372,00;14;14776,84
5;7;3;022007;1372,00;15;15695,08
5;7;3;032007;1372,00;18;18879,29
5;7;3;042007;1372,00;14;14779,28
5;7;5;012007;1168,00;1;928,03
5;7;5;022007;1168,00;1;881,29
5;7;5;032007;1168,00;1;869,61
5;7;5;042007;1168,00;1;869,61
5;7;6;012007;967,00;1;767,93
5;7;6;022007;967,00;1;729,27
5;7;6;032007;967,00;2;1439,19
5;7;6;042007;967,00;2;1439,19
5;7;7;012007;704,00;45;25868,62
5;7;7;022007;704,00;53;29691,99
5;7;7;032007;704,00;60;33539,27
5;7;7;042007;704,00;72;36671,59
5;7;8;012007;311,00;1;271,62
5;7;8;022007;311,00;1;257,95
5;7;8;032007;311,00;1;254,53
5;7;8;042007;311,00;1;254,53
5;7;9;012007;324,00;34;8610,31
5;7;9;022007;324,00;44;10594,81
5;7;9;032007;324,00;47;11239,58
5;7;9;042007;324,00;42;10014,93
5;7;10;012007;190,00;44;6465,38
5;7;10;022007;190,00;49;7081,07
5;7;10;032007;190,00;57;8184,84
5;7;10;042007;190,00;65;9580,86
5;7;11;012007;1613,00;17;23344,16
5;7;11;022007;1613,00;28;35058,28
5;7;11;032007;1613,00;27;34098,42
5;7;11;042007;1613,00;23;28073,50
5;7;12;012007;1042,00;39;33209,86
5;7;12;022007;1042,00;62;51792,04
5;7;12;032007;1042,00;57;49845,07
5;7;12;042007;1042,00;54;48328,44
5;7;13;012007;707,00;54;31277,59
5;7;13;022007;707,00;76;40724,11
5;7;13;032007;707,00;83;46258,77
5;7;13;042007;707,00;105;58844,12
5;7;14;012007;1414,00;10;11440,15
5;7;14;022007;1414,00;16;17404,25
5;7;14;032007;1414,00;15;16224,18
5;7;14;042007;1414,00;14;15003,64
5;7;15;012007;1486,00;11;13450,92
5;7;15;022007;1486,00;14;16002,14
5;7;15;032007;1486,00;16;18034,47
5;7;15;042007;1486,00;14;15567,70
5;7;16;022007;748,00;1;562,74
5;7;16;042007;748,00;1;558,58
5;7;17;022007;820,00;1;685,08
5;7;17;032007;820,00;1;680,02
5;7;17;042007;820,00;1;640,91
5;7;18;022007;1068,00;1;856,64
5;7;18;032007;1068,00;2;1639,84
5;7;18;042007;1068,00;2;1578,62
5;7;20;022007;293,00;3;634,93
5;7;20;032007;293,00;1;208,02
5;7;20;042007;293,00;1;208,02
5;7;22;022007;1023,00;1;998,46
5;7;22;032007;1023,00;2;1879,32
5;7;22;042007;1023,00;1;985,20
5;7;24;022007;973,00;13;8720,90
5;7;24;032007;973,00;15;10572,91
5;7;24;042007;973,00;14;9618,29
5;7;25;022007;1355,00;1;897,80
6;2;1;012007;933,00;1;760,67
6;2;1;032007;933,00;1;777,06
6;2;2;012007;1145,00;1;956,90
6;2;2;032007;1145,00;1;1018,03
6;2;3;012007;1372,00;3;3119,99
6;2;3;022007;1372,00;1;1056,60
6;2;3;032007;1372,00;4;4100,00
6;2;3;042007;1372,00;2;2050,00
6;2;5;012007;1168,00;1;951,44
6;2;5;022007;1168,00;1;1001,12
6;2;5;032007;1168,00;1;1012,22
6;2;7;012007;704,00;42;23821,65
6;2;7;022007;704,00;41;22729,34
6;2;7;032007;704,00;52;30333,15
6;2;7;042007;704,00;54;28104,41
6;2;9;012007;324,00;33;8602,36
6;2;9;022007;324,00;36;9453,84
6;2;9;032007;324,00;38;10280,51
6;2;9;042007;324,00;31;8298,07
6;2;10;012007;190,00;161;24349,92
6;2;10;022007;190,00;140;22567,38
6;2;10;032007;190,00;190;31557,70
6;2;10;042007;190,00;192;32523,88
6;2;11;012007;1613,00;11;13956,36
6;2;11;022007;1613,00;19;26642,17
6;2;11;032007;1613,00;18;25538,37
6;2;11;042007;1613,00;15;21594,08
6;2;12;012007;1042,00;20;17219,75
6;2;12;022007;1042,00;47;42229,81
6;2;12;032007;1042,00;44;42474,79
6;2;12;042007;1042,00;37;35057,20
6;2;13;022007;707,00;68;37339,50
6;2;13;032007;707,00;69;40895,60
6;2;13;042007;707,00;75;40129,31
6;2;14;012007;1414,00;4;4784,60
6;2;14;022007;1414,00;1;1054,29
6;2;14;032007;1414,00;3;3624,55
6;2;14;042007;1414,00;1;1066,20
6;2;15;012007;1486,00;2;2324,14
6;2;15;022007;1486,00;1;1270,52
6;2;15;032007;1486,00;6;7315,23
6;2;15;042007;1486,00;3;3421,47
6;2;16;012007;748,00;24;14310,81
6;2;16;022007;748,00;18;10692,19
6;2;16;032007;748,00;21;12843,59
6;2;16;042007;748,00;18;11073,77
6;2;17;012007;820,00;63;44924,43
6;2;17;022007;820,00;44;30697,41
6;2;17;032007;820,00;71;49907,54
6;2;17;042007;820,00;58;40333,29
6;2;18;012007;1068,00;120;110109,55
6;2;18;022007;1068,00;85;78230,38
6;2;18;032007;1068,00;180;144201,57
6;2;18;042007;1068,00;173;135403,41
6;2;19;032007;900,00;1;713,76
6;2;19;042007;900,00;1;713,76
6;2;20;012007;293,00;38;8744,29
6;2;20;022007;293,00;11;2389,54
6;2;20;032007;293,00;27;6162,52
6;2;20;042007;293,00;21;3917,09
6;2;21;012007;230,00;21;4040,99
6;2;21;022007;230,00;21;3755,29
6;2;21;032007;230,00;29;5330,92
6;2;21;042007;230,00;20;3726,55
6;2;22;012007;1023,00;170;139988,84
6;2;22;022007;1023,00;156;123808,66
6;2;22;032007;1023,00;212;172461,82
6;2;22;042007;1023,00;146;119313,40
6;2;24;012007;973,00;285;231259,21
6;2;24;022007;973,00;307;246986,83
6;2;24;032007;973,00;328;269152,15
6;2;24;042007;973,00;274;224196,20
6;2;25;012007;1355,00;1;916,59
6;2;25;022007;1355,00;1;924,88
6;2;25;032007;1355,00;2;2274,70
6;2;25;042007;1355,00;2;2274,70
6;2;26;012007;1351,00;1;1195,95
6;2;26;032007;1351,00;2;2307,54
6;2;26;042007;1351,00;1;869,86
6;3;1;032007;933,00;2;1788,94
6;3;1;042007;933,00;1;756,10
6;3;3;012007;1372,00;11;11409,98
6;3;3;022007;1372,00;4;4137,67
6;3;3;032007;1372,00;4;4190,00
6;3;3;042007;1372,00;3;3120,00
6;3;5;012007;1168,00;1;1012,46
6;3;7;012007;704,00;75;44860,83
6;3;7;022007;704,00;51;27541,99
6;3;7;032007;704,00;56;30296,06
6;3;7;042007;704,00;64;32462,88
6;3;9;012007;324,00;55;15262,22
6;3;9;022007;324,00;42;10905,05
6;3;9;032007;324,00;47;12650,34
6;3;9;042007;324,00;37;10005,92
6;3;10;012007;190,00;310;49682,56
6;3;10;022007;190,00;227;35851,96
6;3;10;032007;190,00;318;53568,82
6;3;10;042007;190,00;301;51229,46
6;3;11;012007;1613,00;31;42510,25
6;3;11;022007;1613,00;21;28786,74
6;3;11;032007;1613,00;14;20294,35
6;3;11;042007;1613,00;11;14819,72
6;3;12;012007;1042,00;47;41701,16
6;3;12;022007;1042,00;40;33337,15
6;3;12;032007;1042,00;42;38660,08
6;3;12;042007;1042,00;41;37440,41
6;3;13;012007;707,00;64;35362,82
6;3;13;022007;707,00;42;18881,42
6;3;13;032007;707,00;48;22136,88
6;3;13;042007;707,00;66;30983,25
6;3;14;012007;1414,00;11;13829,62
6;3;14;022007;1414,00;8;9195,19
6;3;14;032007;1414,00;8;9438,90
6;3;14;042007;1414,00;7;8081,59
6;3;15;012007;1486,00;10;12767,61
6;3;15;032007;1486,00;4;4953,63
6;3;15;042007;1486,00;2;2355,26
6;3;16;012007;748,00;8;4622,08
6;3;16;022007;748,00;5;2840,62
6;3;16;032007;748,00;6;3519,84
6;3;16;042007;748,00;3;1734,63
6;3;17;012007;820,00;66;47332,31
6;3;17;022007;820,00;42;29268,11
6;3;17;032007;820,00;59;40976,90
6;3;17;042007;820,00;57;39283,93
6;3;18;012007;1068,00;248;227594,20
6;3;18;022007;1068,00;144;130756,51
6;3;18;032007;1068,00;267;221092,61
6;3;18;042007;1068,00;258;206560,80
6;3;19;022007;900,00;1;703,21
6;3;19;032007;900,00;1;711,23
6;3;19;042007;900,00;1;711,23
6;3;20;012007;293,00;53;12116,49
6;3;20;032007;293,00;30;6876,08
6;3;20;042007;293,00;26;5053,67
6;3;21;012007;230,00;32;6143,85
6;3;21;032007;230,00;30;5462,48
6;3;21;042007;230,00;17;3092,40
6;3;22;012007;1023,00;217;179879,77
6;3;22;022007;1023,00;183;147764,96
6;3;22;032007;1023,00;258;212804,77
6;3;22;042007;1023,00;179;146610,97
6;3;24;012007;973,00;363;291533,37
6;3;24;022007;973,00;320;248845,54
6;3;24;032007;973,00;343;273702,56
6;3;24;042007;973,00;315;247195,63
6;3;25;012007;1355,00;3;2760,70
6;3;25;032007;1355,00;2;1861,92
6;3;25;042007;1355,00;2;1844,24
6;3;26;012007;1351,00;1;1212,49
6;3;26;032007;1351,00;2;2334,76
6;3;26;042007;1351,00;2;1833,97
6;7;3;012007;1372,00;8;8289,99
6;7;3;022007;1372,00;1;1056,60
6;7;3;032007;1372,00;2;2050,00
6;7;3;042007;1372,00;1;1070,00
6;7;5;012007;1168,00;1;993,63
6;7;7;012007;704,00;22;13712,61
6;7;7;022007;704,00;6;2611,87
6;7;7;032007;704,00;6;2666,12
6;7;7;042007;704,00;8;3044,05
6;7;9;012007;324,00;21;5758,45
6;7;9;022007;324,00;16;4198,98
6;7;9;032007;324,00;14;3831,63
6;7;9;042007;324,00;12;3398,70
6;7;10;012007;190,00;69;10858,90
6;7;10;022007;190,00;47;7386,59
6;7;10;032007;190,00;51;8395,24
6;7;10;042007;190,00;54;9265,48
6;7;11;012007;1613,00;7;9069,44
6;7;11;022007;1613,00;2;2799,41
6;7;11;032007;1613,00;2;2871,74
6;7;11;042007;1613,00;1;1122,65
6;7;12;012007;1042,00;27;25353,68
6;7;12;022007;1042,00;12;9643,56
6;7;12;032007;1042,00;11;9714,03
6;7;12;042007;1042,00;10;9049,29
6;7;13;012007;707,00;18;9352,69
6;7;13;022007;707,00;10;4797,64
6;7;13;032007;707,00;11;5693,72
6;7;13;042007;707,00;16;8074,39
6;7;14;012007;1414,00;4;4996,75
6;7;14;022007;1414,00;1;1039,36
6;7;14;042007;1414,00;1;1097,57
6;7;15;012007;1486,00;7;8861,65
6;7;15;022007;1486,00;2;2449,36
6;7;15;032007;1486,00;3;3993,99
6;7;15;042007;1486,00;3;3522,11
6;7;16;012007;748,00;5;2859,24
6;7;16;022007;748,00;3;1685,27
6;7;16;032007;748,00;2;1146,26
6;7;16;042007;748,00;3;1891,20
6;7;17;012007;820,00;41;27966,32
6;7;17;022007;820,00;28;19608,76
6;7;17;032007;820,00;37;26093,60
6;7;17;042007;820,00;34;23969,50
6;7;18;012007;1068,00;112;99408,94
6;7;18;022007;1068,00;75;68191,25
6;7;18;032007;1068,00;130;106163,04
6;7;18;042007;1068,00;132;105443,67
6;7;19;032007;900,00;1;697,73
6;7;20;012007;293,00;23;5244,86
6;7;20;022007;293,00;21;4623,72
6;7;20;032007;293,00;20;4479,76
6;7;20;042007;293,00;15;2859,07
6;7;21;012007;230,00;16;3095,55
6;7;21;022007;230,00;8;1413,38
6;7;21;032007;230,00;12;2195,63
6;7;21;042007;230,00;8;1518,25
6;7;22;012007;1023,00;98;80229,77
6;7;22;022007;1023,00;85;67169,30
6;7;22;032007;1023,00;85;69168,55
6;7;22;042007;1023,00;68;55468,74
6;7;24;012007;973,00;183;134309,37
6;7;24;022007;973,00;195;143581,67
6;7;24;032007;973,00;204;158919,53
6;7;24;042007;973,00;189;149722,05
6;7;25;012007;1355,00;1;873,57
6;7;25;022007;1355,00;1;896,24
6;7;25;032007;1355,00;3;3447,23
6;7;25;042007;1355,00;4;4487,33
6;7;26;012007;1351,00;1;1140,05
6;7;26;022007;1351,00;1;855,25
6;7;26;032007;1351,00;1;1341,26
6;7;26;042007;1351,00;2;1864,06
7;4;2;012007;1145,00;1;985,12
7;4;2;022007;1145,00;1;1050,95
7;4;3;012007;1372,00;58;61886,43
7;4;3;022007;1372,00;39;40525,85
7;4;3;032007;1372,00;37;38689,97
7;4;3;042007;1372,00;27;28529,98
7;4;5;022007;1168,00;3;3099,75
7;4;7;012007;704,00;176;88036,38
7;4;7;022007;704,00;128;64797,01
7;4;7;032007;704,00;151;61975,92
7;4;7;042007;704,00;134;63459,98
7;4;8;012007;311,00;1;286,68
7;4;9;012007;324,00;136;36376,86
7;4;9;022007;324,00;119;33810,06
7;4;9;032007;324,00;120;32004,00
7;4;9;042007;324,00;100;27809,06
7;4;10;012007;190,00;991;151980,93
7;4;10;022007;190,00;681;115141,51
7;4;10;032007;190,00;1003;159828,59
7;4;10;042007;190,00;1013;169855,79
7;4;11;012007;1613,00;234;303412,12
7;4;11;022007;1613,00;240;353654,02
7;4;11;032007;1613,00;99;123647,69
7;4;11;042007;1613,00;103;149660,50
7;4;12;012007;1042,00;338;286394,96
7;4;12;022007;1042,00;316;283662,94
7;4;12;032007;1042,00;250;219796,21
7;4;12;042007;1042,00;236;214008,04
7;4;13;012007;707,00;471;232946,56
7;4;13;022007;707,00;369;191675,84
7;4;13;032007;707,00;304;132932,66
7;4;13;042007;707,00;555;286174,02
7;4;14;012007;1414,00;66;77702,18
7;4;14;022007;1414,00;25;31386,90
7;4;14;032007;1414,00;36;42512,63
7;4;14;042007;1414,00;29;35631,45
7;4;15;012007;1486,00;25;31586,78
7;4;15;022007;1486,00;11;14975,73
7;4;15;032007;1486,00;25;30980,84
7;4;15;042007;1486,00;15;18580,46
7;4;16;012007;748,00;29;16418,60
7;4;16;032007;748,00;16;9262,13
7;4;16;042007;748,00;38;22505,05
7;4;17;012007;820,00;269;179512,93
7;4;17;022007;820,00;118;75256,14
7;4;17;032007;820,00;306;196773,37
7;4;17;042007;820,00;292;201140,83
7;4;18;012007;1068,00;523;444055,91
7;4;18;022007;1068,00;538;445024,10
7;4;18;032007;1068,00;584;485499,05
7;4;18;042007;1068,00;495;437418,93
7;4;19;012007;900,00;4;2939,40
7;4;19;032007;900,00;2;1422,46
7;4;19;042007;900,00;9;6590,89
7;4;20;012007;293,00;554;133209,12
7;4;20;022007;293,00;519;123668,43
7;4;20;032007;293,00;648;150118,10
7;4;20;042007;293,00;636;149306,76
7;4;21;012007;230,00;328;66489,51
7;4;21;022007;230,00;195;34898,76
7;4;21;032007;230,00;244;43735,28
7;4;21;042007;230,00;212;39525,20
7;4;22;012007;1023,00;528;459259,31
7;4;22;022007;1023,00;362;298582,98
7;4;22;032007;1023,00;550;468513,80
7;4;22;042007;1023,00;394;328958,02
7;4;24;012007;973,00;580;412785,78
7;4;24;022007;973,00;427;334105,72
7;4;24;032007;973,00;745;540370,18
7;4;24;042007;973,00;548;420740,75
7;4;25;012007;1355,00;13;12673,49
7;4;25;022007;1355,00;8;7951,92
7;4;25;032007;1355,00;10;9320,70
7;4;25;042007;1355,00;12;12863,58
7;4;26;012007;1351,00;4;4960,79
7;4;26;022007;1351,00;17;17041,91
7;4;26;032007;1351,00;15;19094,29
7;4;26;042007;1351,00;24;23537,72
9;7;1;012007;933,00;3;2733,72
9;7;1;022007;933,00;3;2334,81
9;7;1;032007;933,00;4;3329,62
9;7;2;012007;1145,00;2;2010,20
9;7;2;022007;1145,00;1;959,25
9;7;2;032007;1145,00;1;961,61
9;7;3;012007;1372,00;29;30722,30
9;7;3;022007;1372,00;23;24271,79
9;7;3;032007;1372,00;22;23208,00
9;7;5;012007;1168,00;3;2998,08
9;7;5;022007;1168,00;6;5722,64
9;7;5;032007;1168,00;3;2868,33
9;7;6;012007;967,00;2;1653,90
9;7;6;022007;967,00;1;789,23
9;7;6;032007;967,00;1;791,18
9;7;7;012007;704,00;81;46362,63
9;7;7;022007;704,00;72;39485,94
9;7;7;032007;704,00;75;39061,61
9;7;8;012007;311,00;1;292,51
9;7;8;022007;311,00;1;279,17
9;7;9;012007;324,00;100;27390,13
9;7;9;022007;324,00;103;26570,83
9;7;9;032007;324,00;109;28387,74
9;7;10;012007;190,00;466;73768,67
9;7;10;022007;190,00;427;65659,30
9;7;10;032007;190,00;523;82223,57
9;7;11;012007;1613,00;81;111450,30
9;7;11;022007;1613,00;110;150206,23
9;7;11;032007;1613,00;109;151875,13
9;7;12;012007;1042,00;89;81414,38
9;7;12;022007;1042,00;120;104451,23
9;7;12;032007;1042,00;99;91161,44
9;7;13;012007;707,00;129;79140,78
9;7;13;022007;707,00;138;72624,98
9;7;13;032007;707,00;143;75981,50
9;7;14;012007;1414,00;33;40576,56
9;7;14;022007;1414,00;23;27026,18
9;7;14;032007;1414,00;28;33034,18
9;7;15;012007;1486,00;30;37709,45
9;7;15;022007;1486,00;27;33291,35
9;7;15;032007;1486,00;38;47052,00
9;7;16;012007;748,00;95;55845,83
9;7;16;022007;748,00;84;47368,13
9;7;16;032007;748,00;95;54255,59
9;7;17;012007;820,00;233;169679,83
9;7;17;022007;820,00;185;128989,62
9;7;17;032007;820,00;228;157169,73
9;7;18;012007;1068,00;671;621292,15
9;7;18;022007;1068,00;557;513596,03
9;7;18;032007;1068,00;920;811251,96
9;7;19;012007;900,00;10;6977,31
9;7;19;022007;900,00;8;5406,36
9;7;19;032007;900,00;16;10772,23
9;7;20;012007;293,00;187;43061,06
9;7;20;022007;293,00;198;43538,13
9;7;20;032007;293,00;167;36502,87
9;7;21;012007;230,00;114;22121,09
9;7;21;022007;230,00;119;20957,55
9;7;21;032007;230,00;120;21037,75
9;7;22;012007;1023,00;713;626887,75
9;7;22;022007;1023,00;677;560667,63
9;7;22;032007;1023,00;717;592265,63
9;7;24;012007;973,00;1579;1182427,92
9;7;24;022007;973,00;1704;1298687,37
9;7;24;032007;973,00;1733;1361531,30
9;7;25;012007;1355,00;8;8059,12
9;7;25;022007;1355,00;8;8460,89
9;7;25;032007;1355,00;12;12671,40
9;7;26;012007;1351,00;9;10867,88
9;7;26;022007;1351,00;19;19572,79
9;7;26;032007;1351,00;19;20806,62
10;4;3;032007;1372,00;1;1070,00
10;4;7;022007;704,00;1;327,00
10;4;7;032007;704,00;2;943,79
10;4;7;042007;704,00;3;1275,79
10;4;9;012007;324,00;2;525,69
10;4;9;022007;324,00;6;1634,99
10;4;9;032007;324,00;7;1855,59
10;4;9;042007;324,00;5;1330,27
10;4;10;012007;190,00;20;3058,22
10;4;10;022007;190,00;34;5630,21
10;4;10;032007;190,00;45;7265,98
10;4;10;042007;190,00;48;7860,14
10;4;11;022007;1613,00;6;8261,31
10;4;11;032007;1613,00;2;2779,36
10;4;11;042007;1613,00;2;2779,36
10;4;12;012007;1042,00;3;2632,54
10;4;12;022007;1042,00;8;6876,38
10;4;12;032007;1042,00;7;6475,05
10;4;12;042007;1042,00;8;7720,19
10;4;13;012007;707,00;5;2536,84
10;4;13;022007;707,00;19;9394,28
10;4;13;032007;707,00;19;9361,29
10;4;13;042007;707,00;18;8950,26
10;4;14;032007;1414,00;1;1187,99
10;4;14;042007;1414,00;1;1187,99
10;4;16;012007;748,00;2;1111,61
10;4;16;022007;748,00;2;1169,82
10;4;16;032007;748,00;2;1120,01
10;4;16;042007;748,00;3;1783,87
10;4;17;012007;820,00;13;8830,29
10;4;17;022007;820,00;14;10040,58
10;4;17;032007;820,00;18;12081,34
10;4;17;042007;820,00;18;11592,29
10;4;18;012007;1068,00;23;20397,39
10;4;18;022007;1068,00;24;23076,83
10;4;18;032007;1068,00;35;31073,56
10;4;18;042007;1068,00;38;32781,53
10;4;19;012007;900,00;2;1353,28
10;4;19;022007;900,00;2;1424,14
10;4;19;032007;900,00;4;2852,01
10;4;19;042007;900,00;4;2852,01
10;4;20;012007;293,00;15;3541,58
10;4;20;022007;293,00;31;7405,15
10;4;20;032007;293,00;22;4958,22
10;4;20;042007;293,00;32;5979,94
10;4;21;012007;230,00;8;1578,11
10;4;21;022007;230,00;5;966,32
10;4;21;032007;230,00;5;894,99
10;4;21;042007;230,00;3;535,49
10;4;22;012007;1023,00;26;21973,81
10;4;22;022007;1023,00;34;28914,65
10;4;22;032007;1023,00;40;33745,45
10;4;22;042007;1023,00;31;26312,57
10;4;24;012007;973,00;51;39633,14
10;4;24;022007;973,00;71;57940,71
10;4;24;032007;973,00;72;55765,76
10;4;24;042007;973,00;68;52680,65
10;4;25;012007;1355,00;1;886,74
10;4;26;022007;1351,00;3;3276,35
10;4;26;032007;1351,00;1;1289,23
10;4;26;042007;1351,00;1;853,47
11;2;3;012007;1372,00;1;1070,00
11;2;7;012007;704,00;4;2066,62
11;2;7;032007;704,00;1;327,00
11;2;7;042007;704,00;1;327,00
11;2;9;012007;324,00;6;1610,27
11;2;9;032007;324,00;4;1056,03
11;2;9;042007;324,00;4;951,07
11;2;10;012007;190,00;76;12166,41
11;2;10;032007;190,00;28;4615,11
11;2;10;042007;190,00;38;5984,75
11;2;11;012007;1613,00;3;4311,66
11;2;11;032007;1613,00;2;2871,02
11;2;11;042007;1613,00;2;2689,45
11;2;12;012007;1042,00;9;7704,33
11;2;12;022007;1042,00;17;10762,10
11;2;12;032007;1042,00;5;4584,72
11;2;12;042007;1042,00;4;2560,00
11;2;13;012007;707,00;10;5678,76
11;2;13;022007;707,00;22;8207,07
11;2;13;032007;707,00;4;2019,00
11;2;13;042007;707,00;8;4600,00
11;2;14;012007;1414,00;2;2291,45
11;2;14;032007;1414,00;1;1062,09
11;2;14;042007;1414,00;1;994,71
11;2;15;012007;1486,00;1;1218,54
11;2;16;012007;748,00;3;1816,91
11;2;16;022007;748,00;1;584,37
11;2;16;032007;748,00;1;590,96
11;2;16;042007;748,00;1;564,12
11;2;17;012007;820,00;10;6100,00
11;2;17;022007;820,00;9;5827,37
11;2;17;032007;820,00;16;10400,00
11;2;17;042007;820,00;4;2628,59
11;2;18;012007;1068,00;22;19757,45
11;2;18;022007;1068,00;47;42561,41
11;2;18;032007;1068,00;22;20651,12
11;2;18;042007;1068,00;38;34320,96
11;2;20;012007;293,00;12;2785,61
11;2;20;022007;293,00;2;427,17
11;2;20;032007;293,00;5;1123,49
11;2;20;042007;293,00;6;1100,55
11;2;21;012007;230,00;7;1367,49
11;2;21;022007;230,00;1;163,57
11;2;21;032007;230,00;6;1102,17
11;2;21;042007;230,00;9;1538,62
11;2;22;012007;1023,00;92;76097,94
11;2;22;022007;1023,00;3;2251,64
11;2;22;032007;1023,00;49;38949,10
11;2;22;042007;1023,00;43;33482,13
11;2;24;012007;973,00;86;66139,19
11;2;24;022007;973,00;50;36751,88
11;2;24;032007;973,00;62;49111,73
11;2;24;042007;973,00;76;56942,92
11;2;25;012007;1355,00;1;899,70
11;2;25;032007;1355,00;1;942,82
11;2;25;042007;1355,00;1;900,00
11;3;1;012007;933,00;6;4997,40
11;3;1;022007;933,00;4;3345,46
11;3;1;032007;933,00;6;4920,98
11;3;1;042007;933,00;6;4676,21
11;3;2;012007;1145,00;2;2043,49
11;3;2;022007;1145,00;2;2010,84
11;3;2;032007;1145,00;1;1007,45
11;3;2;042007;1145,00;2;1975,77
11;3;3;012007;1372,00;23;24125,70
11;3;3;022007;1372,00;23;22802,25
11;3;3;032007;1372,00;22;22984,26
11;3;3;042007;1372,00;15;15792,43
11;3;5;012007;1168,00;4;3880,56
11;3;5;022007;1168,00;2;1943,78
11;3;5;032007;1168,00;2;2003,39
11;3;5;042007;1168,00;2;1909,88
11;3;6;012007;967,00;1;817,28
11;3;6;022007;967,00;1;804,23
11;3;6;032007;967,00;2;1657,78
11;3;6;042007;967,00;2;1580,40
11;3;7;012007;704,00;70;45091,65
11;3;7;022007;704,00;80;51769,81
11;3;7;032007;704,00;84;53001,16
11;3;7;042007;704,00;103;56864,36
11;3;8;012007;311,00;1;289,08
11;3;8;022007;311,00;2;568,94
11;3;8;032007;311,00;2;586,39
11;3;8;042007;311,00;2;559,01
11;3;9;012007;324,00;79;20894,94
11;3;9;022007;324,00;80;20562,85
11;3;9;032007;324,00;80;21382,07
11;3;9;042007;324,00;71;18017,68
11;3;10;012007;190,00;139;21497,43
11;3;10;022007;190,00;142;22332,80
11;3;10;032007;190,00;167;27426,56
11;3;10;042007;190,00;186;29662,35
11;3;11;012007;1613,00;57;75746,49
11;3;11;022007;1613,00;58;80073,06
11;3;11;032007;1613,00;59;85438,10
11;3;11;042007;1613,00;55;75068,73
11;3;12;012007;1042,00;86;77576,74
11;3;12;022007;1042,00;103;85182,76
11;3;12;032007;1042,00;106;88852,93
11;3;12;042007;1042,00;103;85725,14
11;3;13;012007;707,00;126;81204,07
11;3;13;022007;707,00;135;76211,92
11;3;13;032007;707,00;145;84104,56
11;3;13;042007;707,00;178;99825,97
11;3;14;012007;1414,00;21;25332,20
11;3;14;022007;1414,00;26;30102,69
11;3;14;032007;1414,00;25;29877,89
11;3;14;042007;1414,00;23;26062,05
11;3;15;012007;1486,00;30;37021,34
11;3;15;022007;1486,00;24;29035,55
11;3;15;032007;1486,00;26;32439,29
11;3;15;042007;1486,00;22;25667,74
11;3;16;012007;748,00;41;23466,54
11;3;16;022007;748,00;27;15330,33
11;3;16;032007;748,00;34;20483,01
11;3;16;042007;748,00;32;18892,14
11;3;17;012007;820,00;145;90710,30
11;3;17;022007;820,00;86;55016,89
11;3;17;032007;820,00;138;91155,95
11;3;17;042007;820,00;130;87586,44
11;3;18;012007;1068,00;236;206477,88
11;3;18;022007;1068,00;184;167783,88
11;3;18;032007;1068,00;278;257080,82
11;3;18;042007;1068,00;277;246768,73
11;3;19;012007;900,00;3;2017,26
11;3;19;022007;900,00;2;1355,81
11;3;19;032007;900,00;5;3539,28
11;3;19;042007;900,00;4;2763,93
11;3;20;012007;293,00;69;15881,75
11;3;20;022007;293,00;65;13928,82
11;3;20;032007;293,00;60;13447,92
11;3;20;042007;293,00;80;14334,82
11;3;21;012007;230,00;41;7971,57
11;3;21;022007;230,00;29;5038,30
11;3;21;032007;230,00;35;6248,44
11;3;21;042007;230,00;34;5955,23
11;3;22;012007;1023,00;223;195160,02
11;3;22;022007;1023,00;234;192136,19
11;3;22;032007;1023,00;273;229797,28
11;3;22;042007;1023,00;199;161629,47
11;3;24;012007;973,00;368;291812,08
11;3;24;022007;973,00;430;319971,44
11;3;24;032007;973,00;442;345930,66
11;3;24;042007;973,00;395;296148,84
11;3;25;012007;1355,00;6;6017,11
11;3;25;022007;1355,00;8;8396,85
11;3;25;032007;1355,00;13;14084,17
11;3;25;042007;1355,00;19;19559,06
11;3;26;012007;1351,00;6;6790,48
11;3;26;022007;1351,00;5;4961,36
11;3;26;032007;1351,00;9;9880,12
11;3;26;042007;1351,00;12;11227,99
11;6;2;022007;1145,00;1;1046,24
11;6;3;012007;1372,00;5;5170,00
11;6;3;022007;1372,00;1;1019,21
11;6;3;032007;1372,00;3;3120,00
11;6;3;042007;1372,00;24;23342,93
11;6;7;012007;704,00;43;25389,66
11;6;7;022007;704,00;30;17324,07
11;6;7;032007;704,00;20;9490,21
11;6;7;042007;704,00;14;6205,94
11;6;9;012007;324,00;44;11771,85
11;6;9;022007;324,00;33;8606,47
11;6;9;032007;324,00;24;6268,28
11;6;9;042007;324,00;64;15912,44
11;6;10;012007;190,00;271;41467,13
11;6;10;022007;190,00;167;26065,91
11;6;10;032007;190,00;154;25045,29
11;6;10;042007;190,00;177;27283,67
11;6;11;012007;1613,00;18;23406,29
11;6;11;022007;1613,00;17;22650,82
11;6;11;032007;1613,00;8;11037,88
11;6;11;042007;1613,00;5;6761,50
11;6;12;012007;1042,00;61;53360,60
11;6;12;022007;1042,00;73;58940,74
11;6;12;032007;1042,00;35;28252,74
11;6;12;042007;1042,00;69;62806,05
11;6;13;012007;707,00;47;25016,38
11;6;13;022007;707,00;78;35010,71
11;6;13;032007;707,00;36;16595,53
11;6;13;042007;707,00;44;21000,22
11;6;14;012007;1414,00;8;9248,34
11;6;14;022007;1414,00;7;7948,16
11;6;14;032007;1414,00;4;4499,45
11;6;14;042007;1414,00;14;15747,09
11;6;15;012007;1486,00;2;2306,66
11;6;15;022007;1486,00;2;2370,74
11;6;15;042007;1486,00;15;18501,61
11;6;16;012007;748,00;11;6497,73
11;6;16;022007;748,00;8;4457,85
11;6;16;032007;748,00;6;3571,10
11;6;16;042007;748,00;8;4798,22
11;6;17;012007;820,00;107;67592,02
11;6;17;022007;820,00;57;36833,56
11;6;17;032007;820,00;65;43300,42
11;6;17;042007;820,00;89;60559,69
11;6;18;012007;1068,00;183;159987,25
11;6;18;022007;1068,00;136;123390,43
11;6;18;032007;1068,00;109;100219,92
11;6;18;042007;1068,00;168;150515,60
11;6;19;012007;900,00;1;712,91
11;6;19;022007;900,00;1;670,74
11;6;19;032007;900,00;1;701,11
11;6;19;042007;900,00;1;675,80
11;6;20;012007;293,00;56;12855,64
11;6;20;022007;293,00;27;6065,60
11;6;20;032007;293,00;25;5544,18
11;6;20;042007;293,00;87;14943,62
11;6;21;012007;230,00;33;6360,78
11;6;21;022007;230,00;19;3380,76
11;6;21;032007;230,00;21;3773,96
11;6;21;042007;230,00;43;7610,20
11;6;22;012007;1023,00;202;177956,78
11;6;22;022007;1023,00;148;120620,15
11;6;22;032007;1023,00;116;99210,52
11;6;22;042007;1023,00;133;113113,48
11;6;24;012007;973,00;341;264831,85
11;6;24;022007;973,00;381;279603,12
11;6;24;032007;973,00;233;177833,75
11;6;24;042007;973,00;392;325545,25
11;6;25;012007;1355,00;2;1788,96
11;6;25;022007;1355,00;1;881,76
11;6;25;032007;1355,00;2;1845,34
11;6;25;042007;1355,00;2;1832,08
11;6;26;022007;1351,00;1;822,98
11;6;26;032007;1351,00;1;1319,21
11;6;26;042007;1351,00;6;5009,83
11;7;1;012007;933,00;4;3351,36
11;7;1;022007;933,00;5;4145,80
11;7;1;032007;933,00;5;3931,88
11;7;1;042007;933,00;5;4088,57
11;7;2;012007;1145,00;2;2014,39
11;7;2;022007;1145,00;2;1933,45
11;7;2;032007;1145,00;2;1941,91
11;7;2;042007;1145,00;3;3000,89
11;7;3;012007;1372,00;30;31634,24
11;7;3;022007;1372,00;26;27226,52
11;7;3;032007;1372,00;25;26191,63
11;7;3;042007;1372,00;17;18180,52
11;7;5;012007;1168,00;5;4868,06
11;7;5;022007;1168,00;4;3737,96
11;7;5;032007;1168,00;4;3754,32
11;7;5;042007;1168,00;4;3903,93
11;7;6;012007;967,00;2;1611,31
11;7;6;022007;967,00;2;1546,55
11;7;6;032007;967,00;3;2329,99
11;7;6;042007;967,00;3;2422,83
11;7;7;012007;704,00;158;99690,22
11;7;7;022007;704,00;155;96924,79
11;7;7;032007;704,00;170;104822,97
11;7;7;042007;704,00;180;107639,78
11;7;8;012007;311,00;1;284,97
11;7;8;022007;311,00;2;547,03
11;7;8;032007;311,00;2;549,43
11;7;8;042007;311,00;2;571,33
11;7;9;012007;324,00;120;32012,01
11;7;9;022007;324,00;127;32505,90
11;7;9;032007;324,00;130;33813,30
11;7;9;042007;324,00;113;30396,05
11;7;10;012007;190,00;280;43186,95
11;7;10;022007;190,00;273;41363,33
11;7;10;032007;190,00;330;51029,65
11;7;10;042007;190,00;363;59697,14
11;7;11;012007;1613,00;116;158793,69
11;7;11;022007;1613,00;105;141838,96
11;7;11;032007;1613,00;106;145927,25
11;7;11;042007;1613,00;96;135205,48
11;7;12;012007;1042,00;159;131153,01
11;7;12;022007;1042,00;150;129398,76
11;7;12;032007;1042,00;207;175368,11
11;7;12;042007;1042,00;198;169451,60
11;7;13;012007;707,00;173;110656,68
11;7;13;022007;707,00;176;103666,76
11;7;13;032007;707,00;220;127712,28
11;7;13;042007;707,00;264;154087,76
11;7;14;012007;1414,00;29;34635,15
11;7;14;022007;1414,00;32;37615,26
11;7;14;032007;1414,00;36;42280,09
11;7;14;042007;1414,00;33;39659,62
11;7;15;012007;1486,00;35;43714,70
11;7;15;022007;1486,00;26;32133,18
11;7;15;032007;1486,00;38;46850,78
11;7;15;042007;1486,00;31;38849,88
11;7;16;012007;748,00;32;18218,06
11;7;16;022007;748,00;13;7389,98
11;7;16;032007;748,00;27;15779,05
11;7;16;042007;748,00;25;14746,84
11;7;17;012007;820,00;181;113432,29
11;7;17;022007;820,00;110;73048,92
11;7;17;032007;820,00;218;144247,67
11;7;17;042007;820,00;211;143423,77
11;7;18;012007;1068,00;322;280959,29
11;7;18;022007;1068,00;226;202968,11
11;7;18;032007;1068,00;336;302050,30
11;7;18;042007;1068,00;343;312813,35
11;7;19;012007;900,00;10;6698,68
11;7;19;022007;900,00;5;3402,18
11;7;19;032007;900,00;20;13667,78
11;7;19;042007;900,00;18;12376,93
11;7;20;012007;293,00;120;27316,24
11;7;20;022007;293,00;153;34147,08
11;7;20;032007;293,00;95;21251,33
11;7;20;042007;293,00;103;21204,87
11;7;21;012007;230,00;74;14206,45
11;7;21;022007;230,00;59;10558,28
11;7;21;032007;230,00;36;6464,59
11;7;21;042007;230,00;36;6578,21
11;7;22;012007;1023,00;345;303990,45
11;7;22;022007;1023,00;308;257515,55
11;7;22;032007;1023,00;363;305166,15
11;7;22;042007;1023,00;272;233398,19
11;7;24;012007;973,00;678;539685,37
11;7;24;022007;973,00;720;551248,73
11;7;24;032007;973,00;889;703202,32
11;7;24;042007;973,00;818;654310,02
11;7;25;012007;1355,00;9;9328,00
11;7;25;022007;1355,00;5;5134,38
11;7;25;032007;1355,00;11;11621,68
11;7;25;042007;1355,00;16;17027,49
11;7;26;012007;1351,00;9;9706,93
11;7;26;022007;1351,00;11;11067,98
11;7;26;032007;1351,00;15;16240,82
11;7;26;042007;1351,00;20;19161,77
